Company_name,Company_info_url,IPO_category,IPO_open_date,IPO_close_date,IPO_list_date,IPO_face_value,IPO_issue_price,IPO_lot_size,IPO_issue_size,IPO_RHP_doc,IPO_Broker_apply,IPO_Broker_neutral,IPO_Broker_avoid,IPO_Member_apply,IPO_Member_neutral,IPO_Member_avoid,IPO_day1_qib,IPO_day1_nii,IPO_day1_rtl,IPO_day2_qib,IPO_day2_nii,IPO_day2_rtl,IPO_day3_qib,IPO_day3_nii,IPO_day3_rtl,IPO_day4_qib,IPO_day4_nii,IPO_day4_rtl,IPO_gmp_link,day1_date,day1_price,day2_date,day2_price,day3_date,day3_price,day4_date,day4_price,day5_date,day5_price,day6_date,day6_price,day7_date,day7_price,day8_date,day8_price,day9_date,day9_price,day10_date,day10_price,day11_date,day11_price,day12_date,day12_price,day13_date,day13_price,day14_date,day14_price,day15_date,day15_price,day16_date,day16_price,day17_date,day17_price,day18_date,day18_price,day19_date,day19_price,screener_link,company_long_name,company_website,bse_link,bse_symbol,nse_link,nse_symbol,IPO_listing_price
Midwest Limited,https://www.chittorgarh.com/ipo/midwest-ipo/2150/,EQ,2025-10-15,2025-10-17,2025-10-24,5,1065,14,4511000000.0,https://www.sebi.gov.in/filings/public-issues/oct-2025/midwest-limited-rhp_97222.html,4,1,1,4,0,2,0.52,4.39,1.69,1.93,34.89,8.63,146.99,176.57,25.52,,,,https://www.investorgain.com/chr-gmp/midwest-ipo/2150,2025-10-10,0.0,2025-10-11,0.0,2025-10-12,0.0,2025-10-13,0.0,2025-10-14,145,2025-10-15,1755,2025-10-16,145,2025-10-17,110,2025-10-18,110,2025-10-19,101,2025-10-20,105,2025-10-21,100,2025-10-22,103,2025-10-23,111,,,,,,,,,,,https://www.screener.in/company/id/1285740/consolidated,Midwest Ltd,,,,,,
Canara HSBC Life Insurance Company Limited,https://www.chittorgarh.com/ipo/canara-hsbc-life-insurance-ipo/2429/,EQ,2025-10-10,2025-10-14,2025-10-17,10,106,140,25175000000.0,https://nsearchives.nseindia.com/content/ipo/RHP_CANHLIFE.zip,5,0,0,0,0,0,0.03,0.05,0.14,0.32,0.14,0.28,7.05,0.33,0.42,,,,https://www.investorgain.com/chr-gmp/canara-hsbc-life-insurance-ipo/2429,2025-10-06,0.0,2025-10-07,14.0,2025-10-08,10,2025-10-09,10,2025-10-10,2,2025-10-11,2,2025-10-12,2,2025-10-13,1,2025-10-14,0,2025-10-15,0,2025-10-16,25,2025-10-17,3,,,,,,,,,,,,,,,https://www.screener.in/company/CANHLIFE,Canara HSBC Life Insurance Company Ltd,http://www.canarahsbclife.com,https://www.bseindia.com/stock-share-price/canara-hsbc-life-insurance-company-ltd/canara-hsbc-life-insurance-company-ltd/544583/,CANHLIFE,https://www.nseindia.com/get-quotes/equity?symbol=CANHLIFE,CANHLIFE,106.0
Canara Robeco Asset Management Company Limited,https://www.chittorgarh.com/ipo/canara-robeco-ipo/2428/,EQ,2025-10-09,2025-10-13,2025-10-16,10,266,56,13261300000.000002,https://www.sebi.gov.in/filings/public-issues/oct-2025/canara-robeco-asset-management-company-limited-rhp_97186.html,1,0,0,0,0,0,0.0,0.23,0.36,0.0,0.53,0.74,25.92,6.45,1.91,,,,https://www.investorgain.com/chr-gmp/canara-robeco-ipo/2428,2025-10-05,0.0,2025-10-06,0.0,2025-10-07,35,2025-10-08,35,2025-10-09,21,2025-10-10,20,2025-10-11,18,2025-10-12,8,2025-10-13,13,2025-10-14,11,2025-10-15,22,2025-10-16,20,,,,,,,,,,,,,,,https://www.screener.in/company/id/1285735,Canara Robeco Asset Management Company Ltd,https://www.canararobeco,https://www.bseindia.com/stock-share-price/canara-robeco-asset-management-company-ltd/canara-robeco-asset-management-company-ltd/544580/,CRAMC,https://www.nseindia.com/get-quotes/equity?symbol=CRAMC,CRAMC,280.25
Rubicon Research Limited,https://www.chittorgarh.com/ipo/rubicon-research-ipo/2254/,EQ,2025-10-09,2025-10-13,2025-10-16,1,485,30,13776800000.0,https://nsearchives.nseindia.com/content/ipo/RHP_RUBICON.zip,5,0,0,1,0,0,0.27,0.49,1.43,2.22,1.92,4.16,137.09,102.7,37.4,,,,https://www.investorgain.com/chr-gmp/rubicon-research-ipo/2254,2025-10-02,0.0,2025-10-03,0.0,2025-10-04,60.0,2025-10-05,68.0,2025-10-06,80.0,2025-10-07,80,2025-10-08,98,2025-10-09,100,2025-10-10,111,2025-10-11,110,2025-10-12,96,2025-10-13,127,2025-10-14,128,2025-10-15,151,2025-10-16,120,,,,,,,,,https://www.screener.in/company/id/1285734/consolidated,Rubicon Research Ltd,http://www.rubicon.co.in,https://www.bseindia.com/stock-share-price/rubicon-research-ltd/rubicon-research-ltd/544578/,RUBICON,https://www.nseindia.com/get-quotes/equity?symbol=RUBICON,RUBICON,620.1
LG Electronics India Limited,https://www.chittorgarh.com/ipo/lg-electronics-india-ipo/2064/,EQ,2025-10-07,2025-10-09,2025-10-14,10,1140,13,116070100000.0,https://www.bseindia.com/corporates/download/325836/IPO%20Open/RHP_20251003191828.pdf,21,0,0,7,0,0,0.49,2.31,0.82,2.59,7.6,1.91,166.51,22.44,3.55,,,,https://www.investorgain.com/chr-gmp/lg-electronics-india-ipo/2064,2025-10-01,145.0,2025-10-02,146.0,2025-10-03,175.0,2025-10-04,228.0,2025-10-05,250,2025-10-06,318,2025-10-07,298,2025-10-08,300,2025-10-09,380,2025-10-10,395,2025-10-11,391,2025-10-12,370,2025-10-13,430,2025-10-14,460,,,,,,,,,,,https://www.screener.in/company/id/1285730,LG Electronics India Ltd,http://www.lg.com.in,https://www.bseindia.com/stock-share-price/lg-electronics-india-ltd/lg-electronics-india-ltd/544576/,LGEINDIA,https://www.nseindia.com/get-quotes/equity?symbol=LGEINDIA,LGEINDIA,1715.0
Tata Capital Limited,https://www.chittorgarh.com/ipo/tata-capital-ipo/2317/,EQ,2025-10-06,2025-10-08,2025-10-13,10,326,46,155118700000.0,https://www.sebi.gov.in/filings/public-issues/sep-2025/tata-capital-limited-rhp_96899.html,9,2,0,9,0,4,0.52,0.29,0.35,0.86,0.76,0.68,3.42,1.98,1.1,,,,https://www.investorgain.com/chr-gmp/tata-capital-ipo/2317,2025-09-26,30.0,2025-09-27,20.0,2025-09-28,28.0,2025-09-29,27.0,2025-09-30,22.0,2025-10-01,22.0,2025-10-02,20.0,2025-10-03,13.0,2025-10-04,9,2025-10-05,75,2025-10-06,125,2025-10-07,6,2025-10-08,35,2025-10-09,65,2025-10-10,5,2025-10-11,0,2025-10-12,0,2025-10-13,0,,,https://www.screener.in/company/id/1285728/consolidated,Tata Capital Ltd,http://www.tatacapital.com,https://www.bseindia.com/stock-share-price/tata-capital-ltd/tata-capital-ltd/544574/,TATACAP,https://www.nseindia.com/get-quotes/equity?symbol=TATACAP,TATACAP,330.0
WeWork India Management Limited,https://www.chittorgarh.com/ipo/wework-india-management-ipo/2014/,EQ,2025-10-03,2025-10-07,2025-10-10,10,648,23,30000000000.0,https://www.sebi.gov.in/filings/public-issues/sep-2025/wework-india-management-limited-rhp_96907.html,7,5,0,1,0,0,0.02,0.02,0.15,0.09,0.06,0.38,1.79,0.23,0.62,,,,https://www.investorgain.com/chr-gmp/wework-india-management-ipo/2014,2025-10-01,15,2025-10-02,15,2025-10-03,5,2025-10-04,5,2025-10-05,5,2025-10-06,0,2025-10-07,0,2025-10-08,0,2025-10-09,0,2025-10-10,0,,,,,,,,,,,,,,,,,,,https://www.screener.in/company/WEWORK,Wework India Management Ltd,http://www.wework.co.in,https://www.bseindia.com/stock-share-price/wework-india-management-ltd/wework-india-management-ltd/544570/,WEWORK,https://www.nseindia.com/get-quotes/equity?symbol=WEWORK,WEWORK,646.5
Advance Agrolife Limited,https://www.chittorgarh.com/ipo/advance-agrolife-ipo/2290/,EQ,2025-09-30,2025-10-03,2025-10-08,10,100,150,1928600000.0000002,https://nsearchives.nseindia.com/content/ipo/RHP_ADVANCE.zip,3,2,0,2,0,0,0.0,0.61,0.58,3.5,1.22,1.22,27.31,175.3,23.14,,,,https://www.investorgain.com/chr-gmp/advance-agrolife-ipo/2290,2025-09-23,0.0,2025-09-24,0.0,2025-09-25,10.0,2025-09-26,10.0,2025-09-27,10.0,2025-09-28,10.0,2025-09-29,15,2025-09-30,5,2025-10-01,12,2025-10-02,15,2025-10-03,145,2025-10-04,20,2025-10-05,20,2025-10-06,20,2025-10-07,13,2025-10-08,13,,,,,,,https://www.screener.in/company/id/1285700,Advance Agrolife Ltd,http://www.advanceagrolife.com,https://www.bseindia.com/stock-share-price/advance-agrolife-ltd/advance-agrolife-ltd/544562/,ADVANCE,https://www.nseindia.com/get-quotes/equity?symbol=ADVANCE,ADVANCE,113.0
Om Freight Forwarders Limited,https://www.chittorgarh.com/ipo/om-freight-forwarders-ipo/2407/,EQ,2025-09-29,2025-10-03,2025-10-08,10,135,111,1223100000.0,https://nsearchives.nseindia.com/content/ipo/RHP_OMFREIGHT.zip,0,1,0,0,0,0,1.1,4.03,0.55,3.95,4.7,0.93,3.95,5.13,1.34,3.97,7.39,2.77,https://www.investorgain.com/chr-gmp/om-freight-forwarders-ipo/2407,2025-09-23,10.0,2025-09-24,10.0,2025-09-25,11.0,2025-09-26,11.0,2025-09-27,11.0,2025-09-28,11.0,2025-09-29,9,2025-09-30,3,2025-10-01,7,2025-10-02,7,2025-10-03,2,2025-10-04,2,2025-10-05,2,2025-10-06,2,2025-10-07,3,2025-10-08,3,,,,,,,https://www.screener.in/company/id/1285697/consolidated,Om Freight Forwarders Ltd,http://www.omfreight.com,https://www.bseindia.com/stock-share-price/om-freight-forwarders-ltd/om-freight-forwarders-ltd/544564/,OMFREIGHT,https://www.nseindia.com/get-quotes/equity?symbol=OMFREIGHT,OMFREIGHT,82.5
Fabtech Technologies Ltd,https://www.chittorgarh.com/ipo/fabtech-technologies-ipo/2624/,EQ,2025-09-29,2025-10-01,2025-10-07,10,191,75,2303000000.0,https://nsearchives.nseindia.com/content/ipo/RHP_FABTECH.zip,6,2,0,0,0,0,0.77,0.46,0.71,0.94,0.76,1.2,2.02,1.97,2.09,,,,https://www.investorgain.com/chr-gmp/fabtech-technologies-ipo/2624,2025-09-24,0.0,2025-09-25,35.0,2025-09-26,35.0,2025-09-27,35.0,2025-09-28,20,2025-09-29,2,2025-09-30,0,2025-10-01,0,2025-10-02,0,2025-10-03,0,2025-10-04,0,2025-10-05,0,2025-10-06,0,2025-10-07,0,,,,,,,,,,,https://www.screener.in/company/id/1285710/consolidated,Fabtech Technologies Ltd,http://www.fabtechnologies.com,https://www.bseindia.com/stock-share-price/fabtech-technologies-ltd/FABTECH/544558/,FABTECH,https://www.nseindia.com/get-quotes/equity?symbol=FABTECH,FABTECH,191.0
Glottis Limited,https://www.chittorgarh.com/ipo/glottis-ipo/1998/,EQ,2025-09-29,2025-10-01,2025-10-07,2,129,114,3070000000.0,https://nsearchives.nseindia.com/content/ipo/RHP_GLOTTIS.zip,6,0,0,1,0,0,1.76,0.17,0.23,1.76,1.12,0.6,1.84,3.08,1.47,,,,https://www.investorgain.com/chr-gmp/glottis-ipo/1998,2025-09-23,0.0,2025-09-24,0.0,2025-09-25,15.0,2025-09-26,15.0,2025-09-27,12.0,2025-09-28,12,2025-09-29,20,2025-09-30,5,2025-10-01,1,2025-10-02,1,2025-10-03,0,2025-10-04,0,2025-10-05,0,2025-10-06,0,2025-10-07,0,,,,,,,,,https://www.screener.in/company/GLOTTIS,Glottis Ltd,http://www.glottislogistics.in,https://www.bseindia.com/stock-share-price/glottis-ltd/GLOTTIS/544557/,GLOTTIS,https://www.nseindia.com/get-quotes/equity?symbol=GLOTTIS,GLOTTIS,88.0
Pace Digitek Limited,https://www.chittorgarh.com/ipo/pace-digitek-ipo/2306/,EQ,2025-09-26,2025-09-30,2025-10-06,2,219,68,8191500000.0,https://www.sebi.gov.in/filings/public-issues/sep-2025/pace-digitek-limited-rhp_96742.html,6,1,0,1,0,1,0.18,0.1,0.19,0.24,0.82,0.66,1.69,3.06,1.09,,,,https://www.investorgain.com/chr-gmp/pace-digitek-ipo/2306,2025-09-21,0.0,2025-09-22,26.0,2025-09-23,27.0,2025-09-24,23.0,2025-09-25,32.0,2025-09-26,35.0,2025-09-27,18,2025-09-28,12,2025-09-29,18,2025-09-30,0,2025-10-01,10,2025-10-02,13,2025-10-03,16,2025-10-04,17,2025-10-05,12,2025-10-06,12,,,,,,,https://www.screener.in/company/id/1285694/consolidated,Pace Digitek Ltd,,https://www.bseindia.com/stock-share-price/pace-digitek-ltd/PACEDIGITK/544550/,PACEDIGITK,https://www.nseindia.com/get-quotes/equity?symbol=PACEDIGITK,PACEDIGITK,226.85
Trualt Bioenergy Limited,https://www.chittorgarh.com/ipo/trualt-bioenergy-ipo/2231/,EQ,2025-09-25,2025-09-29,2025-10-03,10,496,30,8392800000.0,https://nsearchives.nseindia.com/content/ipo/RHP_TRUALT.zip,8,1,0,0,0,0,0.89,0.25,0.31,0.9,0.84,0.83,165.16,103.04,11.5,,,,https://www.investorgain.com/chr-gmp/trualt-bioenergy-ipo/2231,2025-09-20,0.0,2025-09-21,0.0,2025-09-22,54.0,2025-09-23,60.0,2025-09-24,80,2025-09-25,80,2025-09-26,95,2025-09-27,98,2025-09-28,109,2025-09-29,107,2025-09-30,745,2025-10-01,97,2025-10-02,90,2025-10-03,85,,,,,,,,,,,https://www.screener.in/company/TRUALT/consolidated,TruAlt Bioenergy Ltd,https://www.trualtbioenergy.com/,https://www.bseindia.com/stock-share-price/trualt-bioenergy-ltd/TRUALT/544545/,TRUALT,https://www.nseindia.com/get-quotes/equity?symbol=TRUALT,TRUALT,550.0
Jinkushal Industries Limited,https://www.chittorgarh.com/ipo/jinkushal-industries-ipo/2432/,EQ,2025-09-25,2025-09-29,2025-10-03,10,121,120,1161500000.0,https://www.sebi.gov.in/filings/public-issues/sep-2025/jinkushal-industries-limited-rhp_96623.html,6,2,0,1,0,0,0.02,3.02,3.28,0.04,6.79,7.28,35.7,146.39,47.04,,,,https://www.investorgain.com/chr-gmp/jinkushal-industries-ipo/2432,2025-09-15,0.0,2025-09-16,51.0,2025-09-17,51.0,2025-09-18,51.0,2025-09-19,51.0,2025-09-20,51.0,2025-09-21,51.0,2025-09-22,51.0,2025-09-23,51.0,2025-09-24,21,2025-09-25,21,2025-09-26,17,2025-09-27,17,2025-09-28,17,2025-09-29,20,2025-09-30,20,2025-10-01,20,2025-10-02,20,2025-10-03,20,https://www.screener.in/company/JKIPL/consolidated,Jinkushal Industries Ltd,http://www.jkipl.in,https://www.bseindia.com/stock-share-price/jinkushal-industries-ltd/JKIPL/544547/,JKIPL,https://www.nseindia.com/get-quotes/equity?symbol=JKIPL,JKIPL,125.0
Jain Resource Recycling Limited,https://www.chittorgarh.com/ipo/jain-resource-recycling-ipo/2345/,EQ,2025-09-24,2025-09-26,2025-10-01,2,232,64,12500000000.0,https://www.sebi.gov.in/filings/public-issues/sep-2025/jain-resource-recycling-limited-rhp_96687.html,1,1,0,0,0,0,1.17,0.12,0.54,1.7,0.52,1.35,26.67,5.59,3.81,,,,https://www.investorgain.com/chr-gmp/jain-resource-recycling-ipo/2345,2025-09-19,23.0,2025-09-20,13.0,2025-09-21,17.0,2025-09-22,19,2025-09-23,30,2025-09-24,20,2025-09-25,17,2025-09-26,35,2025-09-27,18,2025-09-28,18,2025-09-29,16,2025-09-30,13,2025-10-01,13,,,,,,,,,,,,,https://www.screener.in/company/id/1285688,Jain Resource Recycling Ltd,http://www.jainmetalgroup.com,https://www.bseindia.com/stock-share-price/jain-resource-recycling-ltd/JAINREC/544537/,JAINREC,https://www.nseindia.com/get-quotes/equity?symbol=JAINREC,JAINREC,265.25
BMW Ventures Limited,https://www.chittorgarh.com/ipo/bmw-ventures-ipo/2212/,EQ,2025-09-24,2025-09-26,2025-10-01,10,99,151,2316600000.0,https://nsearchives.nseindia.com/content/ipo/RHP_BMWVENTLTD.zip,0,0,1,0,0,0,1.08,0.02,0.13,1.08,0.05,0.27,3.09,3.03,0.99,,,,https://www.investorgain.com/chr-gmp/bmw-ventures-ipo/2212,2025-09-19,0.0,2025-09-20,0.0,2025-09-21,0.0,2025-09-22,0,2025-09-23,0,2025-09-24,4,2025-09-25,8,2025-09-26,2,2025-09-27,2,2025-09-28,0,2025-09-29,0,2025-09-30,0,2025-10-01,0,,,,,,,,,,,,,https://www.screener.in/company/id/1285689,BMW Ventures Ltd,http://www.bmwventures.com,https://www.bseindia.com/stock-share-price/bmw-ventures-ltd/BMWVENTLTD/544543/,BMWVENTLTD,https://www.nseindia.com/get-quotes/equity?symbol=BMWVENTLTD,BMWVENTLTD,80.0
Epack Prefab Technologies Limited,https://www.chittorgarh.com/ipo/epack-prefab-technologies-ipo/2023/,EQ,2025-09-24,2025-09-26,2025-10-01,2,204,73,5040000000.0,https://nsearchives.nseindia.com/content/ipo/RHP_EPACKPEB.zip,10,1,0,0,0,0,0.46,0.13,0.3,0.46,0.48,0.74,5.09,3.79,1.74,,,,https://www.investorgain.com/chr-gmp/epack-prefab-technologies-ipo/2023,2025-09-15,0.0,2025-09-16,0.0,2025-09-17,0.0,2025-09-18,0.0,2025-09-19,19.0,2025-09-20,19.0,2025-09-21,14.0,2025-09-22,14,2025-09-23,14,2025-09-24,17,2025-09-25,15,2025-09-26,2,2025-09-27,0,2025-09-28,0,2025-09-29,0,2025-09-30,0,2025-10-01,0,,,,,https://www.screener.in/company/EPACKPEB/consolidated,EPack Prefab Technologies Ltd,http://www.epackprefab.com,https://www.bseindia.com/stock-share-price/epack-prefab-technologies-ltd/EPACKPEB/544540/,EPACKPEB,https://www.nseindia.com/get-quotes/equity?symbol=EPACKPEB,EPACKPEB,186.1
Jaro Institute of Technology Management & Research Limited,https://www.chittorgarh.com/ipo/jaro-education-ipo/2075/,EQ,2025-09-23,2025-09-25,2025-09-30,10,890,16,4500000000.0,https://nsearchives.nseindia.com/content/ipo/RHP_JARO.zip,8,1,0,0,0,0,0.49,1.91,0.73,0.71,3.67,2.12,37.19,37.32,9.15,,,,https://www.investorgain.com/chr-gmp/jaro-education-ipo/2075,2025-09-15,0.0,2025-09-16,0.0,2025-09-17,0.0,2025-09-18,100.0,2025-09-19,104.0,2025-09-20,105.0,2025-09-21,109,2025-09-22,122,2025-09-23,123,2025-09-24,106,2025-09-25,73,2025-09-26,48,2025-09-27,52,2025-09-28,45,2025-09-29,43,2025-09-30,43,,,,,,,https://www.screener.in/company/id/1285679,Jaro Institute of Technol. Mgt. and Research Ltd,http://www.jaroeducation.com/,https://www.bseindia.com/stock-share-price/jaro-institute-of-technol-mgt-and-research-ltd/JARO/544534/,JARO,https://www.nseindia.com/get-quotes/equity?symbol=JARO,JARO,890.0
Solarworld Energy Solutions Limited,https://www.chittorgarh.com/ipo/solarworld-energy-ipo/2174/,EQ,2025-09-23,2025-09-25,2025-09-30,5,351,42,4900000000.0,https://www.sebi.gov.in/filings/public-issues/oct-2025/solarworld-energy-solutions-limited-rhp_97095.html,2,0,0,0,0,0,0.0,1.53,4.81,0.02,5.83,14.37,74.24,68.21,51.69,,,,https://www.investorgain.com/chr-gmp/solarworld-energy-ipo/2174,2025-09-18,0.0,2025-09-19,33.0,2025-09-20,56.0,2025-09-21,68,2025-09-22,65,2025-09-23,65,2025-09-24,56,2025-09-25,52,2025-09-26,40,2025-09-27,43,2025-09-28,43,2025-09-29,40,2025-09-30,40,,,,,,,,,,,,,https://www.screener.in/company/SOLARWORLD/consolidated,Solarworld Energy Solutions Ltd,http://www.worldsolar.in,https://www.bseindia.com/stock-share-price/solarworld-energy-solutions-ltd/SOLARWORLD/544532/,SOLARWORLD,https://www.nseindia.com/get-quotes/equity?symbol=SOLARWORLD,SOLARWORLD,389.0
Seshaasai Technologies Limited,https://www.chittorgarh.com/ipo/seshaasai-technologies-ipo/2048/,EQ,2025-09-23,2025-09-25,2025-09-30,10,423,35,8132800000.0,https://nsearchives.nseindia.com/content/ipo/RHP_STYL.zip,15,0,0,0,0,0,0.01,1.91,1.2,1.13,6.18,3.03,189.49,51.43,9.46,,,,https://www.investorgain.com/chr-gmp/seshaasai-technologies-ipo/2048,2025-09-15,0.0,2025-09-16,0.0,2025-09-17,0.0,2025-09-18,103.0,2025-09-19,107.0,2025-09-20,115.0,2025-09-21,111,2025-09-22,88,2025-09-23,75,2025-09-24,55,2025-09-25,56,2025-09-26,48,2025-09-27,46,2025-09-28,41,2025-09-29,40,2025-09-30,40,,,,,,,https://www.screener.in/company/id/1285680/consolidated,Seshaasai Technologies Ltd,http://www.seshaasai.com,https://www.bseindia.com/stock-share-price/seshaasai-technologies-ltd/STYL/544533/,STYL,https://www.nseindia.com/get-quotes/equity?symbol=STYL,STYL,436.0
Anand Rathi Share & Stock Brokers Limited,https://www.chittorgarh.com/ipo/anand-rathi-stock-brokers-ipo/2028/,EQ,2025-09-23,2025-09-25,2025-09-30,5,414,36,7456400000.0,https://nsearchives.nseindia.com/content/ipo/RHP_ARSSBL.zip,13,2,0,0,0,0,0.01,0.56,0.61,0.02,1.98,1.51,46.25,30.16,5.11,,,,https://www.investorgain.com/chr-gmp/anand-rathi-stock-brokers-ipo/2028,2025-09-15,0.0,2025-09-16,0.0,2025-09-17,60.0,2025-09-18,70.0,2025-09-19,44.0,2025-09-20,24.0,2025-09-21,24,2025-09-22,31,2025-09-23,45,2025-09-24,35,2025-09-25,39,2025-09-26,29,2025-09-27,32,2025-09-28,32,2025-09-29,31,2025-09-30,29,,,,,,,https://www.screener.in/company/ANANDRATHI/consolidated,Anand Rathi Wealth Ltd,http://rathi.com,https://www.bseindia.com/stock-share-price/anand-rathi-wealth-ltd/ANANDRATHI/543415/,ANANDRATHI,https://www.nseindia.com/get-quotes/equity?symbol=ANANDRATHI,ANANDRATHI,2780.05
Ganesh Consumer Products Limited,https://www.chittorgarh.com/ipo/ganesh-consumer-ipo/2045/,EQ,2025-09-22,2025-09-24,2025-09-29,10,322,46,4088000000.0,https://nsearchives.nseindia.com/content/ipo/RHP_GANESHCP.zip,9,1,0,1,1,0,0.0,0.06,0.2,0.49,0.23,0.44,4.03,4.41,1.17,,,,https://www.investorgain.com/chr-gmp/ganesh-consumer-ipo/2045,2025-09-15,0.0,2025-09-16,0.0,2025-09-17,0.0,2025-09-18,25.0,2025-09-19,19.0,2025-09-20,12,2025-09-21,10,2025-09-22,10,2025-09-23,9,2025-09-24,4,2025-09-25,2,2025-09-26,1,2025-09-27,5,2025-09-28,9,2025-09-29,9,,,,,,,,,https://www.screener.in/company/id/1285670,Ganesh Consumer Products Ltd,http://www.ganeshconsumer.com,https://www.bseindia.com/stock-share-price/ganesh-consumer-products-ltd/GANESHCP/544528/,GANESHCP,https://www.nseindia.com/get-quotes/equity?symbol=GANESHCP,GANESHCP,295.0
Atlanta Electricals Limited,https://www.chittorgarh.com/ipo/atlanta-electricals-ipo/2011/,EQ,2025-09-22,2025-09-24,2025-09-29,2,754,19,6878500000.0,https://nsearchives.nseindia.com/content/ipo/RHP_ATLANTAELE.zip,2,0,0,1,0,0,1.0,1.03,0.99,1.48,5.72,3.04,194.77,55.82,10.76,,,,https://www.investorgain.com/chr-gmp/atlanta-electricals-ipo/2011,2025-09-17,0.0,2025-09-18,125.0,2025-09-19,144.0,2025-09-20,137,2025-09-21,142,2025-09-22,95,2025-09-23,135,2025-09-24,116,2025-09-25,95,2025-09-26,100,2025-09-27,115,2025-09-28,114,2025-09-29,114,,,,,,,,,,,,,https://www.screener.in/company/id/1285669,Atlanta Electricals Ltd,http://www.aetrafo.com,https://www.bseindia.com/stock-share-price/atlanta-electricals-ltd/ATLANTAELE/544527/,ATLANTAELE,https://www.nseindia.com/get-quotes/equity?symbol=ATLANTAELE,ATLANTAELE,858.1
Saatvik Green Energy Limited,https://www.chittorgarh.com/ipo/saatvik-green-energy-ipo/2082/,EQ,2025-09-19,2025-09-23,2025-09-26,2,465,32,9002000000.0,https://nsearchives.nseindia.com/content/ipo/RHP_SAATVIK.zip,6,1,0,0,0,0,0.01,0.7,0.93,0.01,1.45,1.65,11.41,10.57,2.81,,,,https://www.investorgain.com/chr-gmp/saatvik-green-energy-ipo/2082,2025-09-16,71.0,2025-09-17,78,2025-09-18,65,2025-09-19,32,2025-09-20,18,2025-09-21,18,2025-09-22,9,2025-09-23,13,2025-09-24,75,2025-09-25,10,2025-09-26,10,,,,,,,,,,,,,,,,,https://www.screener.in/company/id/1285664/consolidated,Saatvik Green Energy Ltd,https://saatvikgroup.com/,https://www.bseindia.com/stock-share-price/saatvik-green-energy-ltd/SAATVIKGL/544526/,SAATVIKGL,https://www.nseindia.com/get-quotes/equity?symbol=SAATVIKGL,SAATVIKGL,460.0
GK Energy Limited,https://www.chittorgarh.com/ipo/gk-energy-ipo/2042/,EQ,2025-09-19,2025-09-23,2025-09-26,2,153,98,4642600000.0,https://www.sebi.gov.in/filings/public-issues/sep-2025/gk-energy-limited-rhp_96636.html,8,1,0,0,0,0,2.4,2.74,2.83,3.0,10.53,7.17,193.01,128.56,21.78,,,,https://www.investorgain.com/chr-gmp/gk-energy-ipo/2042,2025-09-15,0.0,2025-09-16,0.0,2025-09-17,45,2025-09-18,36,2025-09-19,25,2025-09-20,22,2025-09-21,22,2025-09-22,20,2025-09-23,31,2025-09-24,25,2025-09-25,18,2025-09-26,18,,,,,,,,,,,,,,,https://www.screener.in/company/id/1285665,GK Energy Ltd,http://www.gkenergy.in,https://www.bseindia.com/stock-share-price/gk-energy-ltd/GKENERGY/544525/,GKENERGY,https://www.nseindia.com/get-quotes/equity?symbol=GKENERGY,GKENERGY,165.0
Ivalue Infosolutions Limited,https://www.chittorgarh.com/ipo/ivalue-infosolutions-ipo/2227/,EQ,2025-09-18,2025-09-22,2025-09-25,2,299,50,5602900000.0,https://www.sebi.gov.in/filings/public-issues/sep-2025/ivalue-infosolutions-limited-rhp_96625.html,5,1,0,0,0,0,0.0,0.23,0.46,1.22,0.55,0.85,3.18,1.26,1.28,,,,https://www.investorgain.com/chr-gmp/ivalue-infosolutions-ipo/2227,2025-09-15,0.0,2025-09-16,20,2025-09-17,15,2025-09-18,15,2025-09-19,8,2025-09-20,3,2025-09-21,3,2025-09-22,0,2025-09-23,0,2025-09-24,0,2025-09-25,0,,,,,,,,,,,,,,,,,https://www.screener.in/company/IVALUE,Ivalue Infosolutions Ltd,http://www.ivaluegroup.com,https://www.bseindia.com/stock-share-price/ivalue-infosolutions-ltd/IVALUE/544523/,IVALUE,https://www.nseindia.com/get-quotes/equity?symbol=IVALUE,IVALUE,285.0
VMS TMT Limited,https://www.chittorgarh.com/ipo/vms-tmt-ipo/2161/,EQ,2025-09-17,2025-09-19,2025-09-24,10,99,150,1485000000.0,https://www.bseindia.com/corporates/download/370910/IPO%20Open/RHPVMSTMT_20250912134735.pdf,0,0,1,0,0,0,7.09,13.78,6.56,7.47,37.26,18.99,120.8,227.08,47.85,,,,https://www.investorgain.com/chr-gmp/vms-tmt-ipo/2161,2025-09-11,0.0,2025-09-12,10.0,2025-09-13,18.0,2025-09-14,20.0,2025-09-15,23,2025-09-16,23,2025-09-17,22,2025-09-18,17,2025-09-19,12,2025-09-20,13,2025-09-21,13,2025-09-22,10,2025-09-23,11,2025-09-24,11,,,,,,,,,,,https://www.screener.in/company/id/1285656,VMS TMT Ltd,http://www.vmstmt.com,https://www.bseindia.com/stock-share-price/vms-tmt-ltd/VMSTMT/544521/,VMSTMT,https://www.nseindia.com/get-quotes/equity?symbol=VMSTMT,VMSTMT,105.0
Euro Pratik Sales Limited,https://www.chittorgarh.com/ipo/euro-pratik-ipo/2015/,EQ,2025-09-16,2025-09-18,2025-09-23,1,247,60,4513100000.0,https://nsearchives.nseindia.com/content/ipo/RHP_EUROPRATIK.zip,11,2,0,1,0,0,0.28,0.93,0.35,0.28,1.3,0.76,1.1,2.02,1.31,,,,https://www.investorgain.com/chr-gmp/euro-pratik-ipo/2015,2025-09-09,0.0,2025-09-10,0.0,2025-09-11,0.0,2025-09-12,0.0,2025-09-13,0.0,2025-09-14,0,2025-09-15,0,2025-09-16,8,2025-09-17,5,2025-09-18,1,2025-09-19,1,2025-09-20,55,2025-09-21,6,2025-09-22,10,2025-09-23,10,,,,,,,,,https://www.screener.in/company/id/1285653/consolidated,Euro Pratik Sales Ltd,http://www.europratik.com,https://www.bseindia.com/stock-share-price/euro-pratik-sales-ltd/EUROPRATIK/544519/,EUROPRATIK,https://www.nseindia.com/get-quotes/equity?symbol=EUROPRATIK,EUROPRATIK,273.45
Urban Company  Limited,https://www.chittorgarh.com/ipo/urban-company-ipo/2425/,EQ,2025-09-10,2025-09-12,2025-09-17,1,103,145,19002400000.0,https://www.sebi.gov.in/filings/public-issues/sep-2025/urban-company-limited-rhp_96511.html,8,2,0,4,1,4,1.37,4.37,7.39,1.56,19.15,18.67,147.35,77.82,41.49,,,,https://www.investorgain.com/chr-gmp/urban-company-ipo/2425,2025-09-02,10.0,2025-09-03,19.0,2025-09-04,19.0,2025-09-05,20.0,2025-09-06,245.0,2025-09-07,275.0,2025-09-08,35,2025-09-09,365,2025-09-10,39,2025-09-11,43,2025-09-12,56,2025-09-13,63,2025-09-14,685,2025-09-15,52,2025-09-16,51,2025-09-17,54,,,,,,,https://www.screener.in/company/id/1285641/consolidated,Urban Company Ltd,http://www.urbancompany.com,https://www.bseindia.com/stock-share-price/urban-company-ltd/URBANCO/544515/,URBANCO,https://www.nseindia.com/get-quotes/equity?symbol=URBANCO,URBANCO,161.0
Shringar House of Mangalsutra Limited,https://www.chittorgarh.com/ipo/shringar-house-of-mangalsutra-ipo/2003/,EQ,2025-09-10,2025-09-12,2025-09-17,10,165,90,4009500000.0,https://www.sebi.gov.in/filings/public-issues/sep-2025/shringar-house-of-mangalsutra-limited-rhp_96477.html,9,1,0,1,0,0,0.01,2.7,2.84,0.86,14.81,9.65,101.41,82.58,27.26,,,,https://www.investorgain.com/chr-gmp/shringar-house-of-mangalsutra-ipo/2003,2025-09-02,0.0,2025-09-03,0.0,2025-09-04,25.0,2025-09-05,20.0,2025-09-06,24.0,2025-09-07,24.0,2025-09-08,25,2025-09-09,30,2025-09-10,295,2025-09-11,31,2025-09-12,31,2025-09-13,31,2025-09-14,31,2025-09-15,27,2025-09-16,21,2025-09-17,21,,,,,,,https://www.screener.in/company/id/1285640,Shringar House of Mangalsutra Ltd,http://www.shringar.ms,https://www.bseindia.com/stock-share-price/shringar-house-of-mangalsutra-ltd/SHRINGARMS/544512/,SHRINGARMS,https://www.nseindia.com/get-quotes/equity?symbol=SHRINGARMS,SHRINGARMS,187.7
Dev Accelerator Limited,https://www.chittorgarh.com/ipo/dev-accelerator-ipo/2117/,EQ,2025-09-10,2025-09-12,2025-09-17,2,61,235,1433500000.0,https://www.sebi.gov.in/filings/public-issues/sep-2025/dev-accelerator-limited-rhp_96412.html,5,2,0,0,0,0,1.16,4.46,19.6,2.4,15.36,59.48,20.3,87.97,164.89,,,,https://www.investorgain.com/chr-gmp/dev-accelerator-ipo/2117,2025-09-03,0.0,2025-09-04,0.0,2025-09-05,9.0,2025-09-06,9.0,2025-09-07,9.0,2025-09-08,10,2025-09-09,9,2025-09-10,9,2025-09-11,10,2025-09-12,10,2025-09-13,8,2025-09-14,8,2025-09-15,6,2025-09-16,6,2025-09-17,6,,,,,,,,,https://www.screener.in/company/id/1285646/consolidated,Dev Accelerator Ltd,http://www.devx.work,https://www.bseindia.com/stock-share-price/dev-accelerator-ltd/DEVX/544513/,DEVX,https://www.nseindia.com/get-quotes/equity?symbol=DEVX,DEVX,61.3
Amanta Healthcare Limited,https://www.chittorgarh.com/ipo/amanta-healthcare-ipo/2001/,EQ,2025-09-01,2025-09-03,2025-09-09,10,126,119,1260000000.0,https://nsearchives.nseindia.com/content/ipo/RHP_AMANTA.zip,4,0,1,0,0,0,0.04,5.82,6.72,0.53,36.41,23.35,35.86,209.4,54.96,,,,https://www.investorgain.com/chr-gmp/amanta-healthcare-ipo/2001,2025-08-23,0.0,2025-08-24,0.0,2025-08-25,20.0,2025-08-26,22.0,2025-08-27,22.0,2025-08-28,22.0,2025-08-29,25.0,2025-08-30,25.0,2025-08-31,28,2025-09-01,25,2025-09-02,12,2025-09-03,85,2025-09-04,8,2025-09-05,9,2025-09-06,9,2025-09-07,9,2025-09-08,9,2025-09-09,9,,,https://www.screener.in/company/AMANTA,Amanta Healthcare Ltd,http://www.amanta.co.in,https://www.bseindia.com/stock-share-price/amanta-healthcare-ltd/AMANTA/544502/,AMANTA,https://www.nseindia.com/get-quotes/equity?symbol=AMANTA,AMANTA,134.0
Dr.Agarwal's Health Care Limited,https://www.chittorgarh.com/ipo/dr-agarwals-healthcare-ipo/1975/,EQ,2025-01-29,2025-01-31,2025-02-04,1,402,35,30272600000.000004,https://www.sebi.gov.in/filings/public-issues/jan-2025/dr-agarwals-health-care-limited-prospectus_91552.html,6,2,1,2,0,6,0.0,0.06,0.12,1.01,0.12,0.24,4.41,0.39,0.42,,,,https://www.investorgain.com/chr-gmp/dr-agarwals-healthcare-ipo/1975,2025-01-24,54.0,2025-01-25,30.0,2025-01-26,32.0,2025-01-27,13,2025-01-28,12,2025-01-29,5,2025-01-30,15,2025-01-31,0,2025-02-01,15,2025-02-02,5,2025-02-03,4,2025-02-04,4,2025-02-05,4,,,,,,,,,,,,,https://www.screener.in/company/id/1285311/consolidated,Dr Agarwals Health Care Ltd,http://www.dragarwals.co.in,https://www.bseindia.com/stock-share-price/dr-agarwals-health-care-ltd/AGARWALEYE/544350/,AGARWALEYE,https://www.nseindia.com/get-quotes/equity?symbol=AGARWALEYE,AGARWALEYE,396.9
